Comment,Designator,Footprint,LCSC,Quantity
0.1μF,C3,C_0603_1608Metric_Pad1.08x0.95mm_HandSolder,C125205,1
1.74M,R3,R_0603_1608Metric_Pad0.98x0.95mm_HandSolder,C422975,1
100nF,C4,C_0603_1608Metric_Pad1.08x0.95mm_HandSolder,C14663,1
10k,"R14,R15,R8",R_0603_1608Metric_Pad0.98x0.95mm_HandSolder,C23192,3
10µF,C5,C_0603_1608Metric_Pad1.08x0.95mm_HandSolder,C19702,1
1M,"R12,R4",R_0603_1608Metric_Pad0.98x0.95mm_HandSolder,C22935,2
1µH,L1,L_0603_1608Metric_Pad1.05x0.95mm_HandSolder,C98326,1
22µF,C2,C_0603_1608Metric_Pad1.08x0.95mm_HandSolder,C59461,1
2M,R5,R_0603_1608Metric_Pad0.98x0.95mm_HandSolder,C22976,1
2k,R9,R_0603_1608Metric_Pad0.98x0.95mm_HandSolder,C22975,1
330,"R10,R11,R6,R7",R_0603_1608Metric_Pad0.98x0.95mm_HandSolder,C23138,4
4.7µF,"C6,C7",C_0603_1608Metric_Pad1.08x0.95mm_HandSolder,C19666,2
470,R13,R_0603_1608Metric_Pad0.98x0.95mm_HandSolder,C23179,1
47µF,C1,C_0603_1608Metric_Pad1.08x0.95mm_HandSolder,C140782,1
511k,R1,R_0603_1608Metric_Pad0.98x0.95mm_HandSolder,C23194,1
91k,R2,R_0603_1608Metric_Pad0.98x0.95mm_HandSolder,C23265,1
Conn_01x02,J2,JST_PH_S2B-PH-K_1x02_P2.00mm_Horizontal,C173752,1
Jumper_2_Open,JP1,PinSocket_1x02_P2.54mm_Vertical,C6823945,1
LED,"D2,D3,D4,D5,D6",LED_1206_3216Metric_Pad1.42x1.75mm_HandSolder,C2827254,5
MAX9031AU,U4,SOT-23-5,C117531,1
MCP73831-2-OT,U5,SOT-23-5,C424093,1
Micro_SD_Card_Det_Hirose_DM3AT,J3,microSD_HC_Hirose_DM3AT-SF-PEJM5,C114218,1
Q_PMOS_GSD,Q1,SOT-23,C10487,1
SS14,D1,D_SMA,C2480,1
SW_Push,SW1,SW_PUSH_6mm_H5mm,C428628,1
SW_SPST,SW2,SW_Slide_SPDT_Angled_CK_OS102011MA1Q,C19192981,1
TPS631000DRLR,U2,TPS631000DRLR_TEX,C5219190,1
XIAO-ESP32-S3-DIP,U1,XIAO-ESP32-S3-DIP,C48405120,1
