Comment,Designator,Footprint,LCSC,Quantity
0.1uF,"C18,C21",C_0402_1005Metric_Pad0.74x0.62mm_HandSolder,C1525,2
10.2k,R14,R_0402_1005Metric_Pad0.72x0.64mm_HandSolder,C11660,1
100k,"R23,R24,R39",R_0402_1005Metric_Pad0.72x0.64mm_HandSolder,C25741,3
10k,"R33,R36,R37",R_0402_1005Metric_Pad0.72x0.64mm_HandSolder,C25744,3
10uF,"C10,C12",C_0402_1005Metric_Pad0.74x0.62mm_HandSolder,C15525,2
1k,"R50,R52,R53",R_0402_1005Metric_Pad0.72x0.64mm_HandSolder,C11702,3
1uF,"C19,C2,C34,C8",C_0402_1005Metric_Pad0.74x0.62mm_HandSolder,C52923,4
22uF,"C14,C15",C_0603_1608Metric_Pad1.08x0.95mm_HandSolder,C59461,2
470nH,L1,L_Coilcraft_XxL4020,C5837785,1
511k,R20,R_0402_1005Metric_Pad0.72x0.64mm_HandSolder,C64042,1
600R@100MHz,FB1,L_0402_1005Metric,C76884,1
91k,R32,R_0402_1005Metric_Pad0.72x0.64mm_HandSolder,C4147,1
BQ25180YBGR,U7,IC_BQ25180YBGR,C3682423,1
TPS22916CYFPR,U10,IC_TPS22916BYFPR,C2680319,1
TPS63802DLAR,U8,DLA0010A,C2845237,1
W25N04KVZEIR,U11,IC_W25N04KVZEIR,C5342170,1
