Designator,Val,Package,Mid X,Mid Y,Rotation,Layer
C1,0.1uF,C_0402_1005Metric_Pad0.74x0.62mm_HandSolder,123.2,-95.4,0.0,top
C10,10uF,C_0402_1005Metric_Pad0.74x0.62mm_HandSolder,166.7325,-108.5,0.0,bottom
C12,10uF,C_0402_1005Metric_Pad0.74x0.62mm_HandSolder,166.8,-109.5,0.0,bottom
C13,0.1uF,C_0402_1005Metric_Pad0.74x0.62mm_HandSolder,123.1,-104.5,0.0,top
C14,22uF,C_0603_1608Metric_Pad1.08x0.95mm_HandSolder,152.250001,-112.1,180.0,bottom
C15,22uF,C_0603_1608Metric_Pad1.08x0.95mm_HandSolder,154.150001,-106.799999,0.0,bottom
C16,1uF,C_0402_1005Metric_Pad0.74x0.62mm_HandSolder,115.5,-87.4,0.0,top
C17,10uF,C_0603_1608Metric_Pad1.08x0.95mm_HandSolder,122.5325,-87.4,180.0,top
C18,0.1uF,C_0402_1005Metric_Pad0.74x0.62mm_HandSolder,139.7,-109.5,270.0,bottom
C19,1uF,C_0402_1005Metric_Pad0.74x0.62mm_HandSolder,141.9,-111.8,90.0,bottom
C2,1uF,C_0402_1005Metric_Pad0.74x0.62mm_HandSolder,120.1325,-86.6,270.0,bottom
C20,1uF,C_0402_1005Metric_Pad0.74x0.62mm_HandSolder,134.6,-108.5,-90.0,top
C21,0.1uF,C_0402_1005Metric_Pad0.74x0.62mm_HandSolder,110.6625,-98.85,0.0,bottom
C22,1uF,C_0402_1005Metric_Pad0.74x0.62mm_HandSolder,133.9,-97.8,-90.0,top
C23,1uF,C_0402_1005Metric_Pad0.74x0.62mm_HandSolder,133.1,-108.3675,90.0,top
C24,1uF,C_0402_1005Metric_Pad0.74x0.62mm_HandSolder,131.3,-108.4,90.0,top
C25,1uF,C_0402_1005Metric_Pad0.74x0.62mm_HandSolder,136.6,-108.2,90.0,top
C26,220nF,C_0402_1005Metric_Pad0.74x0.62mm_HandSolder,121.1,-92.1,0.0,top
C28,0.1uF,C_0402_1005Metric_Pad0.74x0.62mm_HandSolder,127.9,-94.1,90.0,top
C29,0.1uF,C_0402_1005Metric_Pad0.74x0.62mm_HandSolder,133.3,-90.7,-90.0,top
C30,1nF,C_0402_1005Metric_Pad0.74x0.62mm_HandSolder,128.9,-92.6,90.0,top
C31,1uF,C_0402_1005Metric_Pad0.74x0.62mm_HandSolder,126.9,-94.1,90.0,top
C33,100nF,C_0402_1005Metric_Pad0.74x0.62mm_HandSolder,141.549999,-97.950001,180.0,top
C34,1uF,C_0402_1005Metric_Pad0.74x0.62mm_HandSolder,126.1,-87.1,0.0,bottom
C35,1uF,C_0402_1005Metric_Pad0.74x0.62mm_HandSolder,132.9,-97.1,-90.0,top
C36,22uF,C_0603_1608Metric_Pad1.08x0.95mm_HandSolder,141.049999,-95.600001,180.0,top
C37,0.1uF,C_0402_1005Metric_Pad0.74x0.62mm_HandSolder,141.549999,-94.400001,180.0,top
C38,1uF,C_0402_1005Metric_Pad0.74x0.62mm_HandSolder,159.799999,-93.250001,180.0,top
C39,150nF,C_0402_1005Metric_Pad0.74x0.62mm_HandSolder,127.6025,-101.7,180.0,top
C40,150nF,C_0402_1005Metric_Pad0.74x0.62mm_HandSolder,127.6,-103.8,180.0,top
C41,150nF,C_0402_1005Metric_Pad0.74x0.62mm_HandSolder,127.6,-105.8,180.0,top
C42,150nF,C_0402_1005Metric_Pad0.74x0.62mm_HandSolder,130.2,-106.5,-90.0,top
C6,0.1uF,C_0402_1005Metric_Pad0.74x0.62mm_HandSolder,123.2,-99.8,0.0,top
C8,1uF,C_0402_1005Metric_Pad0.74x0.62mm_HandSolder,166.8,-110.8,0.0,bottom
D1,SMAJ5.0A,D_SMA,169.1,-104.7,0.0,top
F1,0ZCJ0075AF2E,Fuse_1206_3216Metric,164.1,-104.3,-90.0,top
FB1,600R@100MHz,L_0402_1005Metric,123.9325,-87.5,270.0,bottom
J2,USB_C_Receptacle_USB2.0_16P,USB_C_Receptacle_GCT_USB4110,168.185,-92.1,90.0,top
L1,470nH,L_Coilcraft_XxL4020,156.25,-109.900001,90.0,bottom
R1,100,R_0402_1005Metric_Pad0.72x0.64mm_HandSolder,130.2,-99.4,180.0,top
R10,1k,R_0402_1005Metric_Pad0.72x0.64mm_HandSolder,111.6,-101.0,0.0,top
R11,845,R_0402_1005Metric_Pad0.72x0.64mm_HandSolder,116.6,-101.555,90.0,top
R12,350,R_0402_1005Metric_Pad0.72x0.64mm_HandSolder,114.9,-102.255,180.0,top
R13,1k,R_0402_1005Metric_Pad0.72x0.64mm_HandSolder,116.0,-103.255,0.0,top
R14,10.2k,R_0402_1005Metric_Pad0.72x0.64mm_HandSolder,161.4,-108.2,0.0,bottom
R16,350,R_0402_1005Metric_Pad0.72x0.64mm_HandSolder,114.9,-106.745,180.0,top
R17,1k,R_0402_1005Metric_Pad0.72x0.64mm_HandSolder,115.9,-107.745,0.0,top
R2,100,R_0402_1005Metric_Pad0.72x0.64mm_HandSolder,129.2,-97.4,180.0,top
R20,511k,R_0402_1005Metric_Pad0.72x0.64mm_HandSolder,149.550001,-107.9,0.0,bottom
R21,845,R_0402_1005Metric_Pad0.72x0.64mm_HandSolder,116.5,-106.1425,90.0,top
R22,50,R_0402_1005Metric_Pad0.72x0.64mm_HandSolder,137.9,-90.7,90.0,top
R23,100k,R_0402_1005Metric_Pad0.72x0.64mm_HandSolder,141.6,-99.1,90.0,bottom
R24,100k,R_0402_1005Metric_Pad0.72x0.64mm_HandSolder,124.6,-86.0,180.0,bottom
R25,1M,R_0402_1005Metric_Pad0.72x0.64mm_HandSolder,139.249999,-97.950001,0.0,top
R26,1M,R_0402_1005Metric_Pad0.72x0.64mm_HandSolder,141.549999,-98.950001,180.0,top
R27,100,R_0402_1005Metric_Pad0.72x0.64mm_HandSolder,135.6,-108.7,90.0,top
R28,100k,R_0402_1005Metric_Pad0.72x0.64mm_HandSolder,138.9,-102.7,0.0,top
R29,100k,R_0402_1005Metric_Pad0.72x0.64mm_HandSolder,138.8,-100.8,0.0,top
R3,100,R_0402_1005Metric_Pad0.72x0.64mm_HandSolder,130.9,-96.5,90.0,top
R30,100k,R_0402_1005Metric_Pad0.72x0.64mm_HandSolder,121.0,-90.7,180.0,top
R31,10k,R_0402_1005Metric_Pad0.72x0.64mm_HandSolder,141.499999,-96.850001,0.0,top
R32,91k,R_0402_1005Metric_Pad0.72x0.64mm_HandSolder,149.550001,-108.9,180.0,bottom
R33,10k,R_0402_1005Metric_Pad0.72x0.64mm_HandSolder,161.4,-111.2,180.0,bottom
R34,22,R_0402_1005Metric_Pad0.72x0.64mm_HandSolder,154.0,-109.7,180.0,top
R35,22,R_0402_1005Metric_Pad0.72x0.64mm_HandSolder,154.0,-108.7,180.0,top
R36,10k,R_0402_1005Metric_Pad0.72x0.64mm_HandSolder,161.4,-109.2,180.0,bottom
R37,10k,R_0402_1005Metric_Pad0.72x0.64mm_HandSolder,161.4,-110.2,180.0,bottom
R38,100k,R_0402_1005Metric_Pad0.72x0.64mm_HandSolder,137.5,-105.8,0.0,top
R39,100k,R_0402_1005Metric_Pad0.72x0.64mm_HandSolder,149.850001,-109.9,180.0,bottom
R4,350,R_0402_1005Metric_Pad0.72x0.64mm_HandSolder,111.6,-99.0,0.0,top
R40,5.1k,R_0402_1005Metric_Pad0.72x0.64mm_HandSolder,164.1,-94.4,90.0,top
R41,5.1k,R_0402_1005Metric_Pad0.72x0.64mm_HandSolder,163.5,-90.9,0.0,top
R42,10k,R_0402_1005Metric_Pad0.72x0.64mm_HandSolder,139.299999,-99.600001,180.0,top
R43,10k,R_0402_1005Metric_Pad0.72x0.64mm_HandSolder,159.1,-98.1,-90.0,top
R44,10k,R_0402_1005Metric_Pad0.72x0.64mm_HandSolder,159.799999,-94.250001,0.0,top
R45,10k,R_0402_1005Metric_Pad0.72x0.64mm_HandSolder,159.799999,-92.250001,180.0,top
R46,1k,R_0402_1005Metric_Pad0.72x0.64mm_HandSolder,127.6025,-102.7,0.0,top
R47,1k,R_0402_1005Metric_Pad0.72x0.64mm_HandSolder,127.3,-104.8,0.0,top
R48,1k,R_0402_1005Metric_Pad0.72x0.64mm_HandSolder,127.6,-106.8,0.0,top
R49,1k,R_0402_1005Metric_Pad0.72x0.64mm_HandSolder,129.2,-106.8,90.0,top
R50,1k,R_0402_1005Metric_Pad0.72x0.64mm_HandSolder,128.6,-102.2,180.0,bottom
R51,1k,R_0402_1005Metric_Pad0.72x0.64mm_HandSolder,127.2,-100.4,0.0,top
R52,1k,R_0402_1005Metric_Pad0.72x0.64mm_HandSolder,128.6,-103.5,180.0,bottom
R53,1k,R_0402_1005Metric_Pad0.72x0.64mm_HandSolder,128.6,-104.6,180.0,bottom
R54,1k,R_0402_1005Metric_Pad0.72x0.64mm_HandSolder,146.749999,-109.100001,90.0,top
R55,1k,R_0402_1005Metric_Pad0.72x0.64mm_HandSolder,141.549999,-101.300001,0.0,top
R56,1k,R_0402_1005Metric_Pad0.72x0.64mm_HandSolder,141.549999,-102.300001,0.0,top
R57,1k,R_0402_1005Metric_Pad0.72x0.64mm_HandSolder,141.549999,-105.000001,0.0,top
R58,1k,R_0402_1005Metric_Pad0.72x0.64mm_HandSolder,141.549999,-100.300001,180.0,top
R6,350,R_0402_1005Metric_Pad0.72x0.64mm_HandSolder,111.6,-100.0,180.0,top
R7,350,R_0402_1005Metric_Pad0.72x0.64mm_HandSolder,114.9,-97.6,180.0,top
R8,845,R_0402_1005Metric_Pad0.72x0.64mm_HandSolder,116.6,-97.0975,90.0,top
R9,1k,R_0402_1005Metric_Pad0.72x0.64mm_HandSolder,116.0,-98.7,0.0,top
SW3,SW_Push,NANOT100AS_butt,153.0,-89.6,0.0,top
SW4,SW_Push,NANOT100AS_butt,147.3,-89.7,0.0,top
U1,ADS131A04IPBSR,TQFP-32_5x5mm_P0.5mm,133.5,-103.1,270.0,top
U10,TPS22916CYFPR,IC_TPS22916BYFPR,122.0,-86.5,180.0,bottom
U11,W25N04KVZEIR,IC_W25N04KVZEIR,143.5,-105.5,270.0,bottom
U12,USBLC6-2SC6,SOT-23-6,162.2,-98.1,0.0,top
U14,TPD4E1U06DBVR,SOT95P280X145-6N,116.4,-93.2,0.0,top
U15,ESP32-S3-MINI-1U-N8,ESP32-S3-MINI-1U_EXP,150.649999,-100.000001,0.0,top
U2,DAC60501ZDGSR,MSOP-10_3x3mm_P0.5mm,125.3,-91.2,180.0,top
U3,INA827AIDGKR,VSSOP-8_3x3mm_P0.65mm,120.3,-97.445,180.0,top
U4,INA827AIDGKR,VSSOP-8_3x3mm_P0.65mm,120.3,-101.9,180.0,top
U5,INA827AIDGKR,VSSOP-8_3x3mm_P0.65mm,120.2,-106.5,180.0,top
U6,TMP235A2DBZR,SOT-23,110.6625,-101.15,270.0,bottom
U7,BQ25180YBGR,IC_BQ25180YBGR,164.1,-109.5,180.0,bottom
U8,TPS63802DLAR,DLA0010A,152.450001,-109.5,180.0,bottom
U9,LP5907MFX-2.5/NOPB,SOT-23-5,118.7325,-88.4,270.0,top
Y1,DSC1001DI1-016.3840,Oscillator_SMD_SiT_PQFN-4Pin_2.5x2.0mm,135.6,-91.1,0.0,top
